map,gx,gy,wdt_flags,adt_readable,chunks,min_height,max_height
974,31,32,2,0,0,,
974,32,31,2,0,0,,
974,31,31,2,0,0,,
974,32,32,2,0,0,,
0,48,27,1,1,256,-518.813,-510.436
530,32,32,1,1,256,-1189.81,-1189.78
530,31,32,1,1,256,-1189.81,-1189.78
530,31,31,1,1,256,-1189.81,-1189.81
571,31,31,1,1,256,-652.907,-652.905
571,32,32,1,1,256,-652.906,-652.905
571,31,32,1,1,256,-652.907,-652.905
571,32,31,1,1,256,-652.906,-652.905
1064,31,31,2,0,0,,
1064,32,31,2,0,0,,
1064,32,32,2,0,0,,
1064,31,32,2,0,0,,
0,31,31,1,1,256,-69.5864,145.145
0,31,32,1,1,256,63.481,291.486
0,32,31,1,1,256,40.6091,283.942
0,32,32,1,1,256,37.7808,186.159
