map	name	type	difficulties	mapAchievements	lootSources
33	Shadowfang Keep	1	1,2	7	41
34	Stormwind Stockade	1	1	2	17
36	Deadmines	1	1,2	10	37
43	Wailing Caverns	1	1	1	29
44	<unused> Monastery	1	1	0	0
47	Razorfen Kraul	1	1	1	41
48	Blackfathom Deeps	1	1	1	37
70	Uldaman	1	1	1	51
90	Gnomeregan	1	1	1	36
109	Sunken Temple	1	1	1	17
129	Razorfen Downs	1	1	1	31
169	Emerald Dream	2	9	0	0
189	Scarlet Monastery of Old	1	1,2	1	55
209	Zul'Farrak	1	1	3	32
229	Blackrock Spire	1	1	3	96
230	Blackrock Depths	1	1	2	89
249	Onyxia's Lair	2	3,4	9	2
269	Opening of the Dark Portal	1	1,2	3	5
289	Scholomance OLD	1	1,2	0	46
309	Ancient Zul'Gurub	1	1,2	1	10
329	Stratholme	1	1	3	74
349	Maraudon	1	1	1	36
389	Ragefire Chasm	1	1	1	14
409	Molten Core	2	9	1	29
429	Dire Maul	1	1	3	81
469	Blackwing Lair	2	9	1	19
509	Ruins of Ahn'Qiraj	2	3	1	29
531	Ahn'Qiraj Temple	2	9	1	33
532	Karazhan	2	3	1	76
533	Naxxramas	2	3,4	67	52
534	The Battle for Mount Hyjal	2	4	1	9
540	Hellfire Citadel: The Shattered Halls	1	1,2	1	24
542	Hellfire Citadel: The Blood Furnace	1	1,2	4	18
543	Hellfire Citadel: Ramparts	1	1,2	3	21
544	Magtheridon's Lair	2	4	1	1
545	Coilfang: The Steamvault	1	1,2	1	20
546	Coilfang: The Underbog	1	1,2	3	24
547	Coilfang: The Slave Pens	1	1,2	4	22
548	Coilfang: Serpentshrine Cavern	2	4	1	27
550	Tempest Keep	2	4	1	20
552	Tempest Keep: The Arcatraz	1	1,2	1	28
553	Tempest Keep: The Botanica	1	1,2	3	29
554	Tempest Keep: The Mechanar	1	1,2	3	23
555	Auchindoun: Shadow Labyrinth	1	1,2	1	28
556	Auchindoun: Sethekk Halls	1	1,2	3	27
557	Auchindoun: Mana-Tombs	1	1,2	3	20
558	Auchindoun: Auchenai Crypts	1	1,2	3	14
560	The Escape From Durnholde	1	1,2	3	19
564	Black Temple	2	4	1	70
565	Gruul's Lair	2	4	1	6
568	Zul'Aman	1	2	8	40
574	Utgarde Keep	1	1,2	6	23
575	Utgarde Pinnacle	1	1,2	9	22
576	The Nexus	1	1,2	7	26
578	The Oculus	1	1,2	10	13
580	The Sunwell	2	4	1	29
585	Magister's Terrace	1	1,2	3	17
595	The Culling of Stratholme	1	1,2	7	12
598	Sunwell Fix (Unused)	1	1,2	0	1
599	Halls of Stone	1	1,2	8	16
600	Drak'Tharon Keep	1	1,2	8	21
601	Azjol-Nerub	1	1,2	8	15
602	Halls of Lightning	1	1,2	8	20
603	Ulduar	2	3,4	172	62
604	Gundrak	1	1,2	9	20
608	Violet Hold	1	1,2	9	7
615	The Obsidian Sanctum	2	3,4	16	5
616	The Eye of Eternity	2	3,4	12	4
619	Ahn'kahet: The Old Kingdom	1	1,2	8	21
624	Vault of Archavon	2	3,4	14	7
631	Icecrown Citadel	2	3,4,5,6	47	68
632	The Forge of Souls	1	1,2	5	9
643	Throne of the Tides	1	1,2	7	17
644	Halls of Origination	1	1,2	8	24
645	Blackrock Caverns	1	1,2	9	23
649	Trial of the Crusader	2	3,4,5,6	1	13
650	Trial of the Champion	1	1,2	6	10
657	The Vortex Pinnacle	1	1,2	7	14
658	Pit of Saron	1	1,2	5	18
668	Halls of Reflection	1	1,2	4	3
669	Blackwing Descent	2	3,4,5,6	29	24
670	Grim Batol	1	1,2	7	29
671	The Bastion of Twilight	2	3,4,5,6	24	26
720	Firelands	2	3,4,5,6	27	48
721	Firelands Terrain 2	1	1,2	0	0
724	The Ruby Sanctum	2	3,4,5,6	1	7
725	The Stonecore	1	1,2	6	15
728	The Battle for Gilneas (Old City Map)	1	1,2	0	0
734	Ahn'Qiraj Terrace	1	1	0	0
754	Throne of the Four Winds	2	3,4,5,6	12	6
755	Lost City of the Tol'vir	1	1,2	9	25
757	Baradin Hold	2	3,4,5,6	6	4
859	Zul'Gurub	1	2	7	54
930	(UNUSED) Scenario: Alcaz Island	1	1,2	0	0
938	End Time	1	2	3	17
939	Well of Eternity	1	2	3	14
940	Hour of Twilight	1	2	1	26
951	Nexus Legendary	1	1,2	0	0
959	Shado-Pan Monastery	1	1,2	12	21
960	Temple of the Jade Serpent	1	1,2	12	14
961	Stormstout Brewery	1	1,2	13	10
962	Gate of the Setting Sun	1	2,1	10	8
967	Dragon Soul	2	3,4,5,6,7	37	35
977	Maelstrom Deathwing Fight	1	1,2	0	0
994	Mogu'shan Palace	1	1,2	12	23
995	The Depths [UNUSED]	1	1,2	0	0
996	Terrace of Endless Spring	2	3,4,5,6,7	34	13
1001	Scarlet Halls	1	1,2	12	19
1004	Scarlet Monastery	1	1,2	12	17
1007	Scholomance	1	1,2	13	20
1008	Mogu'shan Vaults	2	3,4,5,6,7	49	28
1009	Heart of Fear	2	3,4,5,6,7	49	32
1011	Siege of Niuzao Temple	1	2,1	10	13
1032	Pet Battle - Jade Forest	1	1,2	0	0
1098	Throne of Thunder	2	3,4,5,6,7	70	58
1136	Siege of Orgrimmar	2	3,4,5,6,7,14	122	52
